PaymentID,StudentID,Amount,PaymentDate,Semester,Year,Method
"PAY-1","STU-2023001","96972.93","2023-08-26","Fall","2023","Online Gateway"
"PAY-2","STU-2023001","104151.02","2023-01-01","Spring","2023","Bank Transfer"
"PAY-3","STU-2023001","99061.05","2024-08-20","Fall","2024","Online Gateway"
"PAY-4","STU-2023002","81586.98","2023-08-27","Fall","2023","Online Gateway"
"PAY-5","STU-2023002","114826.3","2023-01-15","Spring","2023","Online Gateway"
"PAY-6","STU-2023002","107374.94","2024-08-27","Fall","2024","Online Gateway"
"PAY-7","STU-2023003","81953.59","2023-08-17","Fall","2023","Demand Draft"
"PAY-8","STU-2023003","108886.99","2023-01-25","Spring","2023","Bank Transfer"
"PAY-9","STU-2023003","85640.74","2024-08-16","Fall","2024","Demand Draft"
"PAY-10","STU-2023003","85588.81","2024-01-11","Spring","2024","Bank Transfer"
"PAY-11","STU-2023004","83194.66","2023-08-19","Fall","2023","Bank Transfer"
"PAY-12","STU-2023004","122176.29","2023-01-11","Spring","2023","Online Gateway"
"PAY-13","STU-2023004","84395.16","2024-08-14","Fall","2024","Bank Transfer"
"PAY-14","STU-2023004","86057.73","2024-01-08","Spring","2024","Demand Draft"
"PAY-15","STU-2023005","115710.44","2023-08-11","Fall","2023","Online Gateway"
"PAY-16","STU-2023005","116824.76","2023-01-02","Spring","2023","Online Gateway"
"PAY-17","STU-2023005","95477.3","2024-08-29","Fall","2024","Demand Draft"
"PAY-18","STU-2023005","112705.83","2024-01-19","Spring","2024","Demand Draft"
"PAY-19","STU-2023006","104526.6","2023-08-02","Fall","2023","Demand Draft"
"PAY-20","STU-2023006","98592.61","2023-01-26","Spring","2023","Bank Transfer"
"PAY-21","STU-2023006","84724.25","2024-08-08","Fall","2024","Online Gateway"
"PAY-22","STU-2023007","111047.11","2023-08-13","Fall","2023","Online Gateway"
"PAY-23","STU-2023008","93519.59","2023-08-28","Fall","2023","Bank Transfer"
"PAY-24","STU-2023008","106396.81","2023-01-30","Spring","2023","Bank Transfer"
"PAY-25","STU-2023008","108889.43","2024-08-25","Fall","2024","Demand Draft"
"PAY-26","STU-2023008","91477.28","2024-01-22","Spring","2024","Demand Draft"
"PAY-27","STU-2023009","107683.38","2023-08-11","Fall","2023","Bank Transfer"
"PAY-28","STU-2023009","91046.99","2023-01-17","Spring","2023","Demand Draft"
"PAY-29","STU-2023009","104866.16","2024-08-15","Fall","2024","Online Gateway"
"PAY-30","STU-2023010","91178.4","2023-08-18","Fall","2023","Online Gateway"
"PAY-31","STU-2023010","115058.48","2023-01-29","Spring","2023","Demand Draft"
"PAY-32","STU-2023010","113057.42","2024-08-26","Fall","2024","Bank Transfer"
"PAY-33","STU-2023011","105617.54","2023-08-26","Fall","2023","Bank Transfer"
"PAY-34","STU-2023011","120707.62","2023-01-03","Spring","2023","Demand Draft"
"PAY-35","STU-2023011","88039.93","2024-08-30","Fall","2024","Demand Draft"
"PAY-36","STU-2023012","87029.36","2023-08-07","Fall","2023","Demand Draft"
"PAY-37","STU-2023012","95001.76","2023-01-30","Spring","2023","Online Gateway"
"PAY-38","STU-2023013","96194.21","2023-08-06","Fall","2023","Demand Draft"
"PAY-39","STU-2023013","122287.63","2023-01-02","Spring","2023","Bank Transfer"
"PAY-40","STU-2023014","106206.75","2023-08-13","Fall","2023","Bank Transfer"
"PAY-41","STU-2023014","81050.02","2023-01-23","Spring","2023","Bank Transfer"
"PAY-42","STU-2023015","96175.43","2023-08-23","Fall","2023","Online Gateway"
"PAY-43","STU-2023015","76224.45","2023-01-22","Spring","2023","Online Gateway"
"PAY-44","STU-2023016","102203.65","2023-08-06","Fall","2023","Online Gateway"
"PAY-45","STU-2023016","81866.64","2023-01-18","Spring","2023","Bank Transfer"
"PAY-46","STU-2023016","77162.15","2024-08-23","Fall","2024","Online Gateway"
"PAY-47","STU-2023016","78957.14","2024-01-05","Spring","2024","Demand Draft"
"PAY-48","STU-2023017","115381.29","2023-08-25","Fall","2023","Bank Transfer"
"PAY-49","STU-2023017","106225.79","2023-01-23","Spring","2023","Demand Draft"
"PAY-50","STU-2023017","111251.14","2024-08-31","Fall","2024","Bank Transfer"
"PAY-51","STU-2023017","85367.41","2024-01-18","Spring","2024","Demand Draft"
"PAY-52","STU-2023018","100389.78","2023-08-14","Fall","2023","Bank Transfer"
"PAY-53","STU-2023019","77340.04","2023-08-08","Fall","2023","Bank Transfer"
"PAY-54","STU-2023019","105749.29","2023-01-08","Spring","2023","Demand Draft"
"PAY-55","STU-2023020","105355.75","2023-08-26","Fall","2023","Demand Draft"
"PAY-56","STU-2023020","104866.62","2023-01-04","Spring","2023","Bank Transfer"
"PAY-57","STU-2023021","120141.85","2023-08-20","Fall","2023","Demand Draft"
"PAY-58","STU-2023021","114812.73","2023-01-14","Spring","2023","Demand Draft"
"PAY-59","STU-2023021","97759.38","2024-08-11","Fall","2024","Bank Transfer"
"PAY-60","STU-2023021","107132.01","2024-01-24","Spring","2024","Bank Transfer"
"PAY-61","STU-2023022","123531.21","2023-08-26","Fall","2023","Demand Draft"
"PAY-62","STU-2023022","76808.9","2023-01-30","Spring","2023","Demand Draft"
"PAY-63","STU-2023023","81923.54","2023-08-23","Fall","2023","Demand Draft"
"PAY-64","STU-2023024","98045.78","2023-08-19","Fall","2023","Bank Transfer"
"PAY-65","STU-2023024","100609.57","2023-01-24","Spring","2023","Demand Draft"
"PAY-66","STU-2023025","124970.42","2023-08-30","Fall","2023","Demand Draft"
"PAY-67","STU-2023025","114143.96","2023-01-23","Spring","2023","Online Gateway"
"PAY-68","STU-2023025","96631.63","2024-08-14","Fall","2024","Bank Transfer"
"PAY-69","STU-2023026","79947.05","2023-08-03","Fall","2023","Demand Draft"
"PAY-70","STU-2023026","112433.18","2023-01-30","Spring","2023","Online Gateway"
"PAY-71","STU-2023026","94580.85","2024-08-09","Fall","2024","Demand Draft"
"PAY-72","STU-2023027","116309.22","2023-08-31","Fall","2023","Online Gateway"
"PAY-73","STU-2023027","97476.01","2023-01-01","Spring","2023","Online Gateway"
"PAY-74","STU-2023027","76245.42","2024-08-13","Fall","2024","Demand Draft"
"PAY-75","STU-2023028","95128.81","2023-08-24","Fall","2023","Online Gateway"
"PAY-76","STU-2023028","116522.34","2023-01-23","Spring","2023","Bank Transfer"
"PAY-77","STU-2023028","107713.75","2024-08-31","Fall","2024","Demand Draft"
"PAY-78","STU-2023028","115717.55","2024-01-06","Spring","2024","Bank Transfer"
"PAY-79","STU-2023029","102343.29","2023-08-26","Fall","2023","Bank Transfer"
"PAY-80","STU-2023029","119971.9","2023-01-04","Spring","2023","Bank Transfer"
"PAY-81","STU-2023030","94250.23","2023-08-14","Fall","2023","Online Gateway"
"PAY-82","STU-2023030","116488.26","2023-01-07","Spring","2023","Online Gateway"
"PAY-83","STU-2023030","118417.68","2024-08-30","Fall","2024","Bank Transfer"
"PAY-84","STU-2023030","85922.15","2024-01-29","Spring","2024","Bank Transfer"
"PAY-85","STU-2023031","114340.84","2023-08-10","Fall","2023","Online Gateway"
"PAY-86","STU-2023031","82213.78","2023-01-20","Spring","2023","Online Gateway"
"PAY-87","STU-2023032","122688.6","2023-08-11","Fall","2023","Demand Draft"
"PAY-88","STU-2023033","121446.87","2023-08-28","Fall","2023","Bank Transfer"
"PAY-89","STU-2023033","101206.48","2023-01-23","Spring","2023","Bank Transfer"
"PAY-90","STU-2023033","92546.8","2024-08-24","Fall","2024","Demand Draft"
"PAY-91","STU-2023034","120712.8","2023-08-18","Fall","2023","Bank Transfer"
"PAY-92","STU-2023035","99132.6","2023-08-13","Fall","2023","Bank Transfer"
"PAY-93","STU-2023036","113516.99","2023-08-30","Fall","2023","Demand Draft"
"PAY-94","STU-2023036","106684.73","2023-01-31","Spring","2023","Demand Draft"
"PAY-95","STU-2023036","112095.29","2024-08-13","Fall","2024","Bank Transfer"
"PAY-96","STU-2023037","77849.98","2023-08-13","Fall","2023","Demand Draft"
"PAY-97","STU-2023037","78189.07","2023-01-21","Spring","2023","Demand Draft"
"PAY-98","STU-2023037","124956.57","2024-08-22","Fall","2024","Demand Draft"
"PAY-99","STU-2023038","83871.09","2023-07-31","Fall","2023","Demand Draft"
"PAY-100","STU-2023038","78345.8","2023-01-25","Spring","2023","Bank Transfer"
"PAY-101","STU-2023039","79917.92","2023-08-02","Fall","2023","Demand Draft"
"PAY-102","STU-2023040","100585.01","2023-08-11","Fall","2023","Online Gateway"
"PAY-103","STU-2023041","98411.48","2023-08-11","Fall","2023","Demand Draft"
"PAY-104","STU-2023041","81039.96","2023-01-16","Spring","2023","Online Gateway"
"PAY-105","STU-2023041","90971.22","2024-08-24","Fall","2024","Demand Draft"
"PAY-106","STU-2023042","109218.19","2023-08-22","Fall","2023","Demand Draft"
"PAY-107","STU-2023043","120998.11","2023-08-26","Fall","2023","Bank Transfer"
"PAY-108","STU-2023043","90530.56","2023-01-18","Spring","2023","Online Gateway"
"PAY-109","STU-2023043","113769.12","2024-08-17","Fall","2024","Online Gateway"
"PAY-110","STU-2023044","101067.47","2023-08-12","Fall","2023","Bank Transfer"
"PAY-111","STU-2023045","75438.13","2023-08-05","Fall","2023","Demand Draft"
"PAY-112","STU-2023045","82171.41","2023-01-22","Spring","2023","Demand Draft"
"PAY-113","STU-2023046","123780.41","2023-08-23","Fall","2023","Bank Transfer"
"PAY-114","STU-2023046","87261.02","2023-01-02","Spring","2023","Online Gateway"
"PAY-115","STU-2023047","98268.55","2023-08-19","Fall","2023","Bank Transfer"
"PAY-116","STU-2023047","118410.92","2023-01-18","Spring","2023","Demand Draft"
"PAY-117","STU-2023048","122609.14","2023-08-09","Fall","2023","Bank Transfer"
"PAY-118","STU-2023049","90424.03","2023-08-20","Fall","2023","Online Gateway"
"PAY-119","STU-2023049","99932.16","2023-01-24","Spring","2023","Demand Draft"
"PAY-120","STU-2023049","117344.06","2024-08-12","Fall","2024","Demand Draft"
"PAY-121","STU-2023049","107977.76","2024-01-24","Spring","2024","Online Gateway"
"PAY-122","STU-2023050","101510.02","2023-08-26","Fall","2023","Demand Draft"
"PAY-123","STU-2023050","76511.1","2023-01-31","Spring","2023","Online Gateway"
"PAY-124","STU-2023051","101602.81","2023-08-25","Fall","2023","Bank Transfer"
"PAY-125","STU-2023051","95202.22","2023-01-24","Spring","2023","Online Gateway"
"PAY-126","STU-2023052","95204.82","2023-08-20","Fall","2023","Online Gateway"
"PAY-127","STU-2023052","115463.45","2023-01-19","Spring","2023","Bank Transfer"
"PAY-128","STU-2023052","103764.82","2024-08-05","Fall","2024","Online Gateway"
"PAY-129","STU-2023052","120713.74","2024-01-01","Spring","2024","Demand Draft"
"PAY-130","STU-2023053","124853.93","2023-08-10","Fall","2023","Bank Transfer"
"PAY-131","STU-2023053","96407.4","2023-01-08","Spring","2023","Bank Transfer"
"PAY-132","STU-2023054","95148.51","2023-08-31","Fall","2023","Bank Transfer"
"PAY-133","STU-2023054","115340.28","2023-01-28","Spring","2023","Demand Draft"
"PAY-134","STU-2023055","92833.35","2023-08-21","Fall","2023","Online Gateway"
"PAY-135","STU-2023055","107883.67","2023-01-03","Spring","2023","Demand Draft"
"PAY-136","STU-2023056","121502.56","2023-08-09","Fall","2023","Bank Transfer"
"PAY-137","STU-2023056","100988.51","2023-01-27","Spring","2023","Demand Draft"
"PAY-138","STU-2023057","81771.03","2023-08-04","Fall","2023","Demand Draft"
"PAY-139","STU-2023057","108249.42","2023-01-24","Spring","2023","Online Gateway"
"PAY-140","STU-2023058","101199.9","2023-08-11","Fall","2023","Online Gateway"
"PAY-141","STU-2023058","116717.31","2023-01-12","Spring","2023","Online Gateway"
"PAY-142","STU-2023059","78854.38","2023-08-06","Fall","2023","Bank Transfer"
"PAY-143","STU-2023060","76081.92","2023-08-23","Fall","2023","Bank Transfer"
"PAY-144","STU-2023061","106327.93","2023-08-03","Fall","2023","Bank Transfer"
"PAY-145","STU-2023061","115715.86","2023-01-28","Spring","2023","Bank Transfer"
"PAY-146","STU-2023061","78665.71","2024-08-15","Fall","2024","Online Gateway"
"PAY-147","STU-2023061","90534.89","2024-01-13","Spring","2024","Online Gateway"
"PAY-148","STU-2023062","96200.36","2023-08-27","Fall","2023","Bank Transfer"
"PAY-149","STU-2023063","115092.8","2023-08-07","Fall","2023","Online Gateway"
"PAY-150","STU-2023064","122006.02","2023-08-13","Fall","2023","Online Gateway"
"PAY-151","STU-2023065","83823.46","2023-08-20","Fall","2023","Bank Transfer"
"PAY-152","STU-2023066","114455.2","2023-08-15","Fall","2023","Demand Draft"
"PAY-153","STU-2023066","93369.81","2023-01-28","Spring","2023","Bank Transfer"
"PAY-154","STU-2023066","80478.15","2024-08-28","Fall","2024","Demand Draft"
"PAY-155","STU-2023067","88347.76","2023-08-06","Fall","2023","Bank Transfer"
"PAY-156","STU-2023067","87520.99","2023-01-04","Spring","2023","Online Gateway"
"PAY-157","STU-2023067","98071.03","2024-08-19","Fall","2024","Demand Draft"
"PAY-158","STU-2023067","80226.27","2024-01-10","Spring","2024","Bank Transfer"
"PAY-159","STU-2023068","100951.24","2023-08-24","Fall","2023","Demand Draft"
"PAY-160","STU-2023068","103296.48","2023-01-06","Spring","2023","Bank Transfer"
"PAY-161","STU-2023069","106597.14","2023-08-08","Fall","2023","Demand Draft"
"PAY-162","STU-2023070","100256.01","2023-08-23","Fall","2023","Online Gateway"
"PAY-163","STU-2023071","95455.14","2023-08-12","Fall","2023","Bank Transfer"
"PAY-164","STU-2023072","81879.15","2023-08-29","Fall","2023","Demand Draft"
"PAY-165","STU-2023073","89009.28","2023-08-17","Fall","2023","Bank Transfer"
"PAY-166","STU-2023073","88467.59","2023-01-29","Spring","2023","Demand Draft"
"PAY-167","STU-2023074","76970.81","2023-08-22","Fall","2023","Bank Transfer"
"PAY-168","STU-2023074","121638.53","2023-01-24","Spring","2023","Online Gateway"
"PAY-169","STU-2023074","94496.73","2024-08-23","Fall","2024","Demand Draft"
"PAY-170","STU-2023075","85146.12","2023-08-18","Fall","2023","Online Gateway"
"PAY-171","STU-2023075","93546.89","2023-01-10","Spring","2023","Demand Draft"
"PAY-172","STU-2023075","100063.21","2024-08-16","Fall","2024","Bank Transfer"
"PAY-173","STU-2023075","94696.84","2024-01-06","Spring","2024","Demand Draft"
"PAY-174","STU-2023076","77574.82","2023-08-01","Fall","2023","Bank Transfer"
"PAY-175","STU-2023076","104236.1","2023-01-10","Spring","2023","Demand Draft"
"PAY-176","STU-2023076","111143.2","2024-08-29","Fall","2024","Demand Draft"
"PAY-177","STU-2023076","99591.19","2024-01-20","Spring","2024","Online Gateway"
"PAY-178","STU-2023077","109427.27","2023-08-13","Fall","2023","Online Gateway"
"PAY-179","STU-2023077","84163.14","2023-01-31","Spring","2023","Demand Draft"
"PAY-180","STU-2023077","113470.89","2024-08-19","Fall","2024","Online Gateway"
"PAY-181","STU-2023077","103601.13","2024-01-15","Spring","2024","Demand Draft"
"PAY-182","STU-2023078","117084.42","2023-08-15","Fall","2023","Online Gateway"
"PAY-183","STU-2023078","80223.35","2022-12-31","Spring","2023","Demand Draft"
"PAY-184","STU-2023078","107769.42","2024-08-26","Fall","2024","Online Gateway"
"PAY-185","STU-2023079","105176.74","2023-08-17","Fall","2023","Demand Draft"
"PAY-186","STU-2023079","101856.76","2023-01-27","Spring","2023","Demand Draft"
"PAY-187","STU-2023079","93150.34","2024-08-20","Fall","2024","Bank Transfer"
"PAY-188","STU-2023080","110995.08","2023-08-25","Fall","2023","Online Gateway"
"PAY-189","STU-2023080","119923.3","2023-01-25","Spring","2023","Demand Draft"
"PAY-190","STU-2023080","105948.37","2024-08-27","Fall","2024","Demand Draft"
"PAY-191","STU-2023080","91019.96","2024-01-01","Spring","2024","Demand Draft"
"PAY-192","STU-2023081","94216.99","2023-08-20","Fall","2023","Demand Draft"
"PAY-193","STU-2023081","97010.91","2023-01-08","Spring","2023","Online Gateway"
"PAY-194","STU-2023081","107131.8","2024-08-15","Fall","2024","Online Gateway"
"PAY-195","STU-2023081","119474.27","2024-01-04","Spring","2024","Online Gateway"
"PAY-196","STU-2023082","122523.55","2023-08-10","Fall","2023","Demand Draft"
"PAY-197","STU-2023083","120215","2023-08-20","Fall","2023","Demand Draft"
"PAY-198","STU-2023083","101504.2","2023-01-02","Spring","2023","Bank Transfer"
"PAY-199","STU-2023084","84655.76","2023-08-08","Fall","2023","Bank Transfer"
"PAY-200","STU-2023085","106390.77","2023-08-04","Fall","2023","Online Gateway"
"PAY-201","STU-2023085","100949.1","2023-01-04","Spring","2023","Bank Transfer"
"PAY-202","STU-2023086","88896.37","2023-08-18","Fall","2023","Demand Draft"
"PAY-203","STU-2023086","117084.18","2023-01-11","Spring","2023","Online Gateway"
"PAY-204","STU-2023086","123713.59","2024-08-15","Fall","2024","Online Gateway"
"PAY-205","STU-2023087","124732.78","2023-08-27","Fall","2023","Demand Draft"
"PAY-206","STU-2023087","108342.49","2023-01-05","Spring","2023","Bank Transfer"
"PAY-207","STU-2023087","124896.7","2024-08-23","Fall","2024","Bank Transfer"
"PAY-208","STU-2023087","86266.75","2024-01-25","Spring","2024","Bank Transfer"
"PAY-209","STU-2023088","82039.32","2023-08-20","Fall","2023","Bank Transfer"
"PAY-210","STU-2023088","75194.17","2022-12-31","Spring","2023","Demand Draft"
"PAY-211","STU-2023089","91870.51","2023-08-24","Fall","2023","Bank Transfer"
"PAY-212","STU-2023090","114892.98","2023-08-20","Fall","2023","Bank Transfer"
"PAY-213","STU-2023090","88415.98","2023-01-12","Spring","2023","Online Gateway"
"PAY-214","STU-2023090","114379.36","2024-08-21","Fall","2024","Demand Draft"
"PAY-215","STU-2023090","77978.72","2024-01-29","Spring","2024","Bank Transfer"
"PAY-216","STU-2023091","84228.55","2023-08-23","Fall","2023","Demand Draft"
"PAY-217","STU-2023091","96142.77","2023-01-07","Spring","2023","Online Gateway"
"PAY-218","STU-2023092","119446.79","2023-08-31","Fall","2023","Bank Transfer"
"PAY-219","STU-2023093","106324.51","2023-08-02","Fall","2023","Bank Transfer"
"PAY-220","STU-2023093","100449.39","2023-01-13","Spring","2023","Demand Draft"
"PAY-221","STU-2023094","123789.76","2023-08-21","Fall","2023","Demand Draft"
"PAY-222","STU-2023095","122460.85","2023-08-02","Fall","2023","Demand Draft"
"PAY-223","STU-2023096","89932.65","2023-08-07","Fall","2023","Online Gateway"
"PAY-224","STU-2023096","98888.84","2023-01-11","Spring","2023","Bank Transfer"
"PAY-225","STU-2023096","112966.81","2024-08-16","Fall","2024","Bank Transfer"
"PAY-226","STU-2023096","117165.41","2024-01-14","Spring","2024","Bank Transfer"
"PAY-227","STU-2023097","88455.98","2023-08-15","Fall","2023","Demand Draft"
"PAY-228","STU-2023098","120278.31","2023-08-08","Fall","2023","Bank Transfer"
"PAY-229","STU-2023098","77011.62","2023-01-05","Spring","2023","Bank Transfer"
"PAY-230","STU-2023098","112512.2","2024-08-10","Fall","2024","Bank Transfer"
"PAY-231","STU-2023099","118355.97","2023-08-18","Fall","2023","Bank Transfer"
"PAY-232","STU-2023099","118429.79","2023-01-28","Spring","2023","Demand Draft"
"PAY-233","STU-2023100","76365.63","2023-08-17","Fall","2023","Online Gateway"
"PAY-234","STU-2023100","101269.9","2023-01-28","Spring","2023","Demand Draft"
"PAY-235","STU-2023101","91903.21","2023-08-29","Fall","2023","Online Gateway"
"PAY-236","STU-2023101","88342.87","2023-01-31","Spring","2023","Demand Draft"
"PAY-237","STU-2023102","101977.21","2023-08-12","Fall","2023","Demand Draft"
"PAY-238","STU-2023102","104057.58","2023-01-01","Spring","2023","Demand Draft"
"PAY-239","STU-2023102","108583.64","2024-08-21","Fall","2024","Bank Transfer"
"PAY-240","STU-2023102","119391.48","2024-01-29","Spring","2024","Bank Transfer"
"PAY-241","STU-2023103","104987.76","2023-08-23","Fall","2023","Online Gateway"
"PAY-242","STU-2023103","94110.28","2023-01-17","Spring","2023","Demand Draft"
"PAY-243","STU-2023104","114171.75","2023-08-01","Fall","2023","Online Gateway"
"PAY-244","STU-2023104","98662.38","2023-01-28","Spring","2023","Online Gateway"
"PAY-245","STU-2023104","88823.54","2024-08-08","Fall","2024","Online Gateway"
"PAY-246","STU-2023105","108113.25","2023-08-11","Fall","2023","Demand Draft"
"PAY-247","STU-2023105","105757.21","2023-01-01","Spring","2023","Online Gateway"
"PAY-248","STU-2023105","84167.26","2024-08-09","Fall","2024","Demand Draft"
"PAY-249","STU-2023105","116356.06","2024-01-29","Spring","2024","Demand Draft"
"PAY-250","STU-2023106","107143.49","2023-08-11","Fall","2023","Demand Draft"
"PAY-251","STU-2023107","93418.88","2023-08-30","Fall","2023","Demand Draft"
"PAY-252","STU-2023107","114292.25","2023-01-22","Spring","2023","Demand Draft"
"PAY-253","STU-2023107","97420.47","2024-08-10","Fall","2024","Demand Draft"
"PAY-254","STU-2023107","120858.13","2024-01-17","Spring","2024","Demand Draft"
"PAY-255","STU-2023108","100957.7","2023-08-27","Fall","2023","Online Gateway"
"PAY-256","STU-2023109","84338.01","2023-08-24","Fall","2023","Demand Draft"
"PAY-257","STU-2023109","106820.84","2023-01-16","Spring","2023","Online Gateway"
"PAY-258","STU-2023109","113296.49","2024-08-05","Fall","2024","Bank Transfer"
"PAY-259","STU-2023109","76416.76","2024-01-27","Spring","2024","Online Gateway"
"PAY-260","STU-2023110","103633.99","2023-08-15","Fall","2023","Bank Transfer"
"PAY-261","STU-2023110","119284.71","2023-01-06","Spring","2023","Bank Transfer"
"PAY-262","STU-2023111","81551.53","2023-08-17","Fall","2023","Demand Draft"
"PAY-263","STU-2023111","85064.8","2023-01-23","Spring","2023","Bank Transfer"
"PAY-264","STU-2023112","100905.13","2023-08-08","Fall","2023","Demand Draft"
"PAY-265","STU-2023112","98898.01","2023-01-21","Spring","2023","Bank Transfer"
"PAY-266","STU-2023112","75072.91","2024-08-25","Fall","2024","Bank Transfer"
"PAY-267","STU-2023112","97882.09","2024-01-07","Spring","2024","Online Gateway"
"PAY-268","STU-2023113","75555.29","2023-08-30","Fall","2023","Demand Draft"
"PAY-269","STU-2023113","75291.73","2023-01-25","Spring","2023","Online Gateway"
"PAY-270","STU-2023113","85964.38","2024-08-30","Fall","2024","Online Gateway"
"PAY-271","STU-2023114","99504.13","2023-08-12","Fall","2023","Online Gateway"
"PAY-272","STU-2023115","91679.95","2023-08-02","Fall","2023","Online Gateway"
"PAY-273","STU-2023115","88417.89","2023-01-01","Spring","2023","Bank Transfer"
"PAY-274","STU-2023115","105933.59","2024-08-03","Fall","2024","Bank Transfer"
"PAY-275","STU-2023116","83626.26","2023-08-26","Fall","2023","Demand Draft"
"PAY-276","STU-2023117","101316.58","2023-08-03","Fall","2023","Bank Transfer"
"PAY-277","STU-2023117","77054.77","2023-01-08","Spring","2023","Online Gateway"
"PAY-278","STU-2023117","86111.61","2024-08-08","Fall","2024","Bank Transfer"
"PAY-279","STU-2023117","112116.23","2024-01-11","Spring","2024","Online Gateway"
"PAY-280","STU-2023118","88919.35","2023-08-14","Fall","2023","Online Gateway"
"PAY-281","STU-2023118","87630.79","2023-01-10","Spring","2023","Bank Transfer"
"PAY-282","STU-2023118","77704.28","2024-08-19","Fall","2024","Bank Transfer"
"PAY-283","STU-2023119","76883.5","2023-08-24","Fall","2023","Demand Draft"
"PAY-284","STU-2023119","97289.78","2023-01-04","Spring","2023","Bank Transfer"
"PAY-285","STU-2023119","94532.01","2024-08-05","Fall","2024","Demand Draft"
"PAY-286","STU-2023119","103340.37","2024-01-20","Spring","2024","Bank Transfer"
"PAY-287","STU-2023120","94371.61","2023-08-27","Fall","2023","Bank Transfer"
"PAY-288","STU-2023120","117700.57","2023-01-14","Spring","2023","Demand Draft"
"PAY-289","STU-2023120","114781.2","2024-08-09","Fall","2024","Bank Transfer"
"PAY-290","STU-2023121","120602.97","2023-08-20","Fall","2023","Demand Draft"
"PAY-291","STU-2023121","91126.89","2023-01-10","Spring","2023","Demand Draft"
"PAY-292","STU-2023121","106790.28","2024-08-28","Fall","2024","Bank Transfer"
"PAY-293","STU-2023121","106411.54","2024-01-06","Spring","2024","Online Gateway"
"PAY-294","STU-2023122","117047.65","2023-08-21","Fall","2023","Demand Draft"
"PAY-295","STU-2023122","83277.28","2023-01-17","Spring","2023","Bank Transfer"
"PAY-296","STU-2023122","97457.71","2024-08-07","Fall","2024","Demand Draft"
"PAY-297","STU-2023122","109212.71","2024-01-12","Spring","2024","Bank Transfer"
"PAY-298","STU-2023123","86644.32","2023-08-19","Fall","2023","Online Gateway"
"PAY-299","STU-2023124","116836.41","2023-08-18","Fall","2023","Online Gateway"
"PAY-300","STU-2023125","120423.59","2023-08-14","Fall","2023","Demand Draft"
"PAY-301","STU-2023126","119615.02","2023-08-04","Fall","2023","Bank Transfer"
"PAY-302","STU-2023126","122848.05","2023-01-23","Spring","2023","Online Gateway"
"PAY-303","STU-2023126","92759.1","2024-08-20","Fall","2024","Online Gateway"
"PAY-304","STU-2023126","114168.85","2024-01-15","Spring","2024","Bank Transfer"
"PAY-305","STU-2023127","76506.5","2023-08-24","Fall","2023","Bank Transfer"
"PAY-306","STU-2023127","108727.43","2023-01-24","Spring","2023","Demand Draft"
"PAY-307","STU-2023128","103878.57","2023-08-11","Fall","2023","Bank Transfer"
"PAY-308","STU-2023128","79425.05","2023-01-25","Spring","2023","Demand Draft"
"PAY-309","STU-2023128","115939.17","2024-08-04","Fall","2024","Demand Draft"
"PAY-310","STU-2023129","113882.37","2023-08-03","Fall","2023","Demand Draft"
"PAY-311","STU-2023129","112829.06","2023-01-20","Spring","2023","Demand Draft"
"PAY-312","STU-2023130","111224.48","2023-08-30","Fall","2023","Online Gateway"
"PAY-313","STU-2023131","110426.25","2023-08-10","Fall","2023","Bank Transfer"
"PAY-314","STU-2023132","80805.27","2023-08-22","Fall","2023","Online Gateway"
"PAY-315","STU-2023132","103662.1","2023-01-26","Spring","2023","Demand Draft"
"PAY-316","STU-2023133","99030.39","2023-08-07","Fall","2023","Bank Transfer"
"PAY-317","STU-2023133","108212.72","2023-01-10","Spring","2023","Online Gateway"
"PAY-318","STU-2023134","122993.55","2023-08-27","Fall","2023","Bank Transfer"
"PAY-319","STU-2023135","97710.45","2023-08-13","Fall","2023","Bank Transfer"
"PAY-320","STU-2023135","111658.05","2023-01-06","Spring","2023","Bank Transfer"
"PAY-321","STU-2023136","115528.75","2023-08-27","Fall","2023","Online Gateway"
"PAY-322","STU-2023136","94649.98","2023-01-17","Spring","2023","Online Gateway"
"PAY-323","STU-2023136","80155.06","2024-08-18","Fall","2024","Online Gateway"
"PAY-324","STU-2023136","102963.41","2024-01-14","Spring","2024","Bank Transfer"
"PAY-325","STU-2023137","76398.47","2023-08-29","Fall","2023","Demand Draft"
"PAY-326","STU-2023137","118781.45","2023-01-20","Spring","2023","Online Gateway"
"PAY-327","STU-2023137","89872.15","2024-08-05","Fall","2024","Online Gateway"
"PAY-328","STU-2023138","93435.82","2023-08-22","Fall","2023","Online Gateway"
"PAY-329","STU-2023138","80841.15","2023-01-20","Spring","2023","Demand Draft"
"PAY-330","STU-2023138","122330.65","2024-08-05","Fall","2024","Demand Draft"
"PAY-331","STU-2023138","89527.89","2024-01-24","Spring","2024","Online Gateway"
"PAY-332","STU-2023139","82302.83","2023-08-06","Fall","2023","Demand Draft"
"PAY-333","STU-2023139","119656.44","2023-01-30","Spring","2023","Bank Transfer"
"PAY-334","STU-2023140","103643.17","2023-08-31","Fall","2023","Online Gateway"
"PAY-335","STU-2023140","88703.8","2023-01-09","Spring","2023","Demand Draft"
"PAY-336","STU-2023140","96789.67","2024-08-24","Fall","2024","Bank Transfer"
"PAY-337","STU-2023140","105561.98","2024-01-25","Spring","2024","Demand Draft"
"PAY-338","STU-2023141","109483.74","2023-08-23","Fall","2023","Online Gateway"
"PAY-339","STU-2023141","84940.33","2023-01-26","Spring","2023","Demand Draft"
"PAY-340","STU-2023142","100128.21","2023-08-25","Fall","2023","Online Gateway"
"PAY-341","STU-2023142","83375.44","2023-01-31","Spring","2023","Bank Transfer"
"PAY-342","STU-2023142","108008.39","2024-08-22","Fall","2024","Demand Draft"
"PAY-343","STU-2023143","112701.55","2023-08-11","Fall","2023","Online Gateway"
"PAY-344","STU-2023143","106110.56","2023-01-23","Spring","2023","Online Gateway"
"PAY-345","STU-2023143","91338.94","2024-08-29","Fall","2024","Online Gateway"
"PAY-346","STU-2023143","76646.38","2024-01-24","Spring","2024","Online Gateway"
"PAY-347","STU-2023144","106530.32","2023-08-06","Fall","2023","Online Gateway"
"PAY-348","STU-2023145","104054.44","2023-08-17","Fall","2023","Bank Transfer"
"PAY-349","STU-2023145","100493.1","2023-01-06","Spring","2023","Online Gateway"
"PAY-350","STU-2023145","96702.17","2024-08-31","Fall","2024","Online Gateway"
"PAY-351","STU-2023145","124487.23","2024-01-01","Spring","2024","Online Gateway"
"PAY-352","STU-2023146","81518.99","2023-08-05","Fall","2023","Demand Draft"
"PAY-353","STU-2023147","114945.07","2023-08-13","Fall","2023","Demand Draft"
"PAY-354","STU-2023148","120396.66","2023-08-27","Fall","2023","Online Gateway"
"PAY-355","STU-2023148","79481.82","2023-01-02","Spring","2023","Demand Draft"
"PAY-356","STU-2023148","116288.08","2024-08-01","Fall","2024","Bank Transfer"
"PAY-357","STU-2023149","124621.83","2023-08-13","Fall","2023","Bank Transfer"
"PAY-358","STU-2023149","87274.82","2023-01-05","Spring","2023","Bank Transfer"
"PAY-359","STU-2023150","94852.79","2023-08-11","Fall","2023","Demand Draft"
"PAY-360","STU-2023151","120893.54","2023-08-11","Fall","2023","Demand Draft"
"PAY-361","STU-2023151","122163.7","2023-01-23","Spring","2023","Online Gateway"
"PAY-362","STU-2023151","80913.39","2024-08-23","Fall","2024","Demand Draft"
"PAY-363","STU-2023151","82886.3","2024-01-13","Spring","2024","Bank Transfer"
"PAY-364","STU-2023152","78608.98","2023-07-31","Fall","2023","Online Gateway"
"PAY-365","STU-2023153","122804.49","2023-08-22","Fall","2023","Online Gateway"
"PAY-366","STU-2023153","103352.85","2023-01-05","Spring","2023","Bank Transfer"
"PAY-367","STU-2023153","103501.89","2024-08-15","Fall","2024","Online Gateway"
"PAY-368","STU-2023153","81854.28","2024-01-26","Spring","2024","Bank Transfer"
"PAY-369","STU-2023154","102327.92","2023-08-09","Fall","2023","Demand Draft"
"PAY-370","STU-2023155","123169.21","2023-08-08","Fall","2023","Online Gateway"
"PAY-371","STU-2023155","82704.19","2023-01-12","Spring","2023","Online Gateway"
"PAY-372","STU-2023155","117709.81","2024-08-27","Fall","2024","Demand Draft"
"PAY-373","STU-2023156","104095.98","2023-08-24","Fall","2023","Bank Transfer"
"PAY-374","STU-2023156","123770.18","2023-01-21","Spring","2023","Bank Transfer"
"PAY-375","STU-2023156","104236.43","2024-08-28","Fall","2024","Demand Draft"
"PAY-376","STU-2023156","83443.45","2024-01-16","Spring","2024","Online Gateway"
"PAY-377","STU-2023157","124668.73","2023-08-25","Fall","2023","Bank Transfer"
"PAY-378","STU-2023157","118542.52","2023-01-30","Spring","2023","Bank Transfer"
"PAY-379","STU-2023157","103157.81","2024-08-18","Fall","2024","Online Gateway"
"PAY-380","STU-2023157","124399.04","2024-01-05","Spring","2024","Online Gateway"
"PAY-381","STU-2023158","82895.12","2023-08-04","Fall","2023","Demand Draft"
"PAY-382","STU-2023159","121750.55","2023-08-28","Fall","2023","Bank Transfer"
"PAY-383","STU-2023159","79992.48","2023-01-25","Spring","2023","Online Gateway"
"PAY-384","STU-2023160","112589.48","2023-08-07","Fall","2023","Online Gateway"
"PAY-385","STU-2023161","107185.92","2023-08-03","Fall","2023","Demand Draft"
"PAY-386","STU-2023162","124564.57","2023-08-15","Fall","2023","Online Gateway"
"PAY-387","STU-2023162","112529.15","2023-01-27","Spring","2023","Bank Transfer"
"PAY-388","STU-2023162","98496.28","2024-08-06","Fall","2024","Demand Draft"
"PAY-389","STU-2023163","119495.05","2023-08-30","Fall","2023","Demand Draft"
"PAY-390","STU-2023163","81811.24","2023-01-31","Spring","2023","Bank Transfer"
"PAY-391","STU-2023164","87802.26","2023-08-13","Fall","2023","Demand Draft"
"PAY-392","STU-2023164","76573.21","2023-01-31","Spring","2023","Demand Draft"
"PAY-393","STU-2023164","121832.54","2024-08-20","Fall","2024","Online Gateway"
"PAY-394","STU-2023165","110064.47","2023-08-08","Fall","2023","Bank Transfer"
"PAY-395","STU-2023165","117222.13","2023-01-14","Spring","2023","Online Gateway"
"PAY-396","STU-2023166","122225.97","2023-08-25","Fall","2023","Demand Draft"
"PAY-397","STU-2023166","122990.98","2023-01-12","Spring","2023","Online Gateway"
"PAY-398","STU-2023167","102592.19","2023-08-28","Fall","2023","Bank Transfer"
"PAY-399","STU-2023167","94595.18","2023-01-08","Spring","2023","Bank Transfer"
"PAY-400","STU-2023167","87437.04","2024-08-25","Fall","2024","Bank Transfer"
"PAY-401","STU-2023167","77640.03","2024-01-14","Spring","2024","Online Gateway"
"PAY-402","STU-2023168","99049.44","2023-08-13","Fall","2023","Demand Draft"
"PAY-403","STU-2023168","88598.16","2023-01-12","Spring","2023","Bank Transfer"
"PAY-404","STU-2023168","112255.22","2024-08-07","Fall","2024","Bank Transfer"
"PAY-405","STU-2023168","80716.63","2024-01-06","Spring","2024","Bank Transfer"
"PAY-406","STU-2023169","94983.32","2023-08-10","Fall","2023","Online Gateway"
"PAY-407","STU-2023170","100042.38","2023-08-24","Fall","2023","Demand Draft"
"PAY-408","STU-2023170","117986.74","2023-01-06","Spring","2023","Demand Draft"
"PAY-409","STU-2023170","103096.64","2024-08-25","Fall","2024","Bank Transfer"
"PAY-410","STU-2023171","94654.9","2023-08-22","Fall","2023","Bank Transfer"
"PAY-411","STU-2023171","122070.07","2023-01-25","Spring","2023","Bank Transfer"
"PAY-412","STU-2023172","80265.18","2023-08-28","Fall","2023","Online Gateway"
"PAY-413","STU-2023172","108174.58","2023-01-26","Spring","2023","Demand Draft"
"PAY-414","STU-2023172","76816.38","2024-08-11","Fall","2024","Online Gateway"
"PAY-415","STU-2023172","77655.18","2024-01-20","Spring","2024","Bank Transfer"
"PAY-416","STU-2023173","80513.83","2023-08-03","Fall","2023","Demand Draft"
"PAY-417","STU-2023174","95154.32","2023-08-12","Fall","2023","Online Gateway"
"PAY-418","STU-2023174","79573.67","2023-01-21","Spring","2023","Online Gateway"
"PAY-419","STU-2023175","99990.93","2023-08-18","Fall","2023","Online Gateway"
"PAY-420","STU-2023175","89643.21","2023-01-25","Spring","2023","Online Gateway"
"PAY-421","STU-2023175","99757","2024-08-22","Fall","2024","Online Gateway"
"PAY-422","STU-2023176","119686.67","2023-08-07","Fall","2023","Online Gateway"
"PAY-423","STU-2023176","76867.11","2023-01-03","Spring","2023","Online Gateway"
"PAY-424","STU-2023176","113291.4","2024-08-22","Fall","2024","Online Gateway"
"PAY-425","STU-2023177","83199.46","2023-08-19","Fall","2023","Demand Draft"
"PAY-426","STU-2023178","94944.54","2023-08-25","Fall","2023","Online Gateway"
"PAY-427","STU-2023178","111956.23","2023-01-20","Spring","2023","Bank Transfer"
"PAY-428","STU-2023179","116968.24","2023-08-03","Fall","2023","Bank Transfer"
"PAY-429","STU-2023179","105857.01","2023-01-17","Spring","2023","Bank Transfer"
"PAY-430","STU-2023179","96116.8","2024-08-24","Fall","2024","Demand Draft"
"PAY-431","STU-2023180","110337.98","2023-08-01","Fall","2023","Bank Transfer"
"PAY-432","STU-2023181","79107.68","2023-08-02","Fall","2023","Online Gateway"
"PAY-433","STU-2023181","108029.52","2023-01-28","Spring","2023","Bank Transfer"
"PAY-434","STU-2023181","89084.62","2024-08-23","Fall","2024","Online Gateway"
"PAY-435","STU-2023182","89077.11","2023-08-26","Fall","2023","Online Gateway"
"PAY-436","STU-2023182","109163.47","2023-01-01","Spring","2023","Online Gateway"
"PAY-437","STU-2023182","101239.03","2024-08-09","Fall","2024","Demand Draft"
"PAY-438","STU-2023183","124810.64","2023-08-19","Fall","2023","Online Gateway"
"PAY-439","STU-2023183","115845.95","2023-01-17","Spring","2023","Demand Draft"
"PAY-440","STU-2023183","116109.41","2024-08-29","Fall","2024","Bank Transfer"
"PAY-441","STU-2023184","88553.5","2023-08-23","Fall","2023","Bank Transfer"
"PAY-442","STU-2023184","106493.47","2023-01-27","Spring","2023","Online Gateway"
"PAY-443","STU-2023184","124186.15","2024-08-10","Fall","2024","Online Gateway"
"PAY-444","STU-2023185","118222.42","2023-08-01","Fall","2023","Online Gateway"
"PAY-445","STU-2023185","96522.69","2023-01-04","Spring","2023","Demand Draft"
"PAY-446","STU-2023186","114323.77","2023-08-06","Fall","2023","Demand Draft"
"PAY-447","STU-2023187","86068.23","2023-08-21","Fall","2023","Bank Transfer"
"PAY-448","STU-2023187","83821.71","2023-01-19","Spring","2023","Demand Draft"
"PAY-449","STU-2023188","113762.24","2023-08-28","Fall","2023","Bank Transfer"
"PAY-450","STU-2023188","103911.06","2023-01-14","Spring","2023","Online Gateway"
"PAY-451","STU-2023188","87735.43","2024-08-10","Fall","2024","Demand Draft"
"PAY-452","STU-2023189","75678.76","2023-08-19","Fall","2023","Demand Draft"
"PAY-453","STU-2023189","91017.02","2023-01-14","Spring","2023","Online Gateway"
"PAY-454","STU-2023189","101809.88","2024-08-16","Fall","2024","Online Gateway"
"PAY-455","STU-2023189","103434.19","2024-01-05","Spring","2024","Demand Draft"
"PAY-456","STU-2023190","107006.86","2023-08-23","Fall","2023","Bank Transfer"
"PAY-457","STU-2023191","84887.62","2023-08-02","Fall","2023","Bank Transfer"
"PAY-458","STU-2023192","120554.88","2023-08-11","Fall","2023","Online Gateway"
"PAY-459","STU-2023193","77444.75","2023-08-23","Fall","2023","Bank Transfer"
"PAY-460","STU-2023193","120804.73","2023-01-28","Spring","2023","Online Gateway"
"PAY-461","STU-2023194","75909.2","2023-08-13","Fall","2023","Online Gateway"
"PAY-462","STU-2023194","115063.68","2023-01-24","Spring","2023","Online Gateway"
"PAY-463","STU-2023195","117711.33","2023-08-23","Fall","2023","Demand Draft"
"PAY-464","STU-2023195","89450.21","2023-01-05","Spring","2023","Online Gateway"
"PAY-465","STU-2023195","96297.22","2024-08-26","Fall","2024","Online Gateway"
"PAY-466","STU-2023195","115054.93","2024-01-08","Spring","2024","Online Gateway"
"PAY-467","STU-2023196","98010.65","2023-08-12","Fall","2023","Demand Draft"
"PAY-468","STU-2023196","119612.96","2023-01-25","Spring","2023","Bank Transfer"
"PAY-469","STU-2023197","98139.28","2023-08-14","Fall","2023","Online Gateway"
"PAY-470","STU-2023197","92642.24","2023-01-18","Spring","2023","Online Gateway"
"PAY-471","STU-2023198","100071.23","2023-08-30","Fall","2023","Bank Transfer"
"PAY-472","STU-2023198","95776.47","2023-01-07","Spring","2023","Online Gateway"
"PAY-473","STU-2023199","117821.66","2023-08-24","Fall","2023","Demand Draft"
"PAY-474","STU-2023200","118272.61","2023-08-24","Fall","2023","Online Gateway"
"PAY-475","STU-2023200","110246.82","2023-01-06","Spring","2023","Online Gateway"
"PAY-476","STU-2023201","117441.4","2023-08-26","Fall","2023","Bank Transfer"
"PAY-477","STU-2023201","109427.31","2023-01-14","Spring","2023","Online Gateway"
"PAY-478","STU-2023201","87792.77","2024-08-18","Fall","2024","Online Gateway"
"PAY-479","STU-2023202","110227.94","2023-08-02","Fall","2023","Bank Transfer"
"PAY-480","STU-2023202","123705.29","2023-01-04","Spring","2023","Bank Transfer"
"PAY-481","STU-2023202","120159.24","2024-08-09","Fall","2024","Bank Transfer"
"PAY-482","STU-2023202","101225.52","2024-01-27","Spring","2024","Demand Draft"
"PAY-483","STU-2023203","117264.57","2023-08-13","Fall","2023","Bank Transfer"
"PAY-484","STU-2023204","105576.52","2023-08-27","Fall","2023","Online Gateway"
"PAY-485","STU-2023204","114968.03","2023-01-27","Spring","2023","Demand Draft"
"PAY-486","STU-2023205","112208.27","2023-08-24","Fall","2023","Bank Transfer"
"PAY-487","STU-2023205","120714.91","2023-01-13","Spring","2023","Demand Draft"
"PAY-488","STU-2023205","81416.56","2024-08-21","Fall","2024","Online Gateway"
"PAY-489","STU-2023206","85802.12","2023-08-01","Fall","2023","Demand Draft"
"PAY-490","STU-2023206","89076.16","2023-01-01","Spring","2023","Bank Transfer"
"PAY-491","STU-2023207","99949.29","2023-08-20","Fall","2023","Demand Draft"
"PAY-492","STU-2023207","105100.83","2023-01-31","Spring","2023","Demand Draft"
"PAY-493","STU-2023207","111644.93","2024-08-18","Fall","2024","Online Gateway"
"PAY-494","STU-2023208","93467.67","2023-08-06","Fall","2023","Demand Draft"
"PAY-495","STU-2023209","107366.9","2023-08-28","Fall","2023","Demand Draft"
"PAY-496","STU-2023209","97271.39","2023-01-19","Spring","2023","Bank Transfer"
"PAY-497","STU-2023209","116672.46","2024-08-11","Fall","2024","Online Gateway"
"PAY-498","STU-2023210","118931.93","2023-08-08","Fall","2023","Bank Transfer"
"PAY-499","STU-2023210","106385.44","2023-01-14","Spring","2023","Online Gateway"
"PAY-500","STU-2023210","75972.88","2024-08-19","Fall","2024","Online Gateway"
"PAY-501","STU-2023210","80374.04","2024-01-29","Spring","2024","Bank Transfer"
"PAY-502","STU-2023211","88960.21","2023-08-08","Fall","2023","Demand Draft"
"PAY-503","STU-2023211","108120.16","2023-01-03","Spring","2023","Online Gateway"
"PAY-504","STU-2023212","98704.68","2023-08-29","Fall","2023","Bank Transfer"
"PAY-505","STU-2023212","123352.08","2023-01-07","Spring","2023","Demand Draft"
"PAY-506","STU-2023212","86422.1","2024-08-07","Fall","2024","Online Gateway"
"PAY-507","STU-2023213","107367.62","2023-08-06","Fall","2023","Bank Transfer"
"PAY-508","STU-2023214","92164.22","2023-08-05","Fall","2023","Online Gateway"
"PAY-509","STU-2023214","113988.25","2023-01-25","Spring","2023","Demand Draft"
"PAY-510","STU-2023214","106504.1","2024-08-07","Fall","2024","Online Gateway"
"PAY-511","STU-2023215","86170.82","2023-08-05","Fall","2023","Bank Transfer"
"PAY-512","STU-2023215","80495.63","2023-01-15","Spring","2023","Bank Transfer"
"PAY-513","STU-2023216","98856.4","2023-08-30","Fall","2023","Online Gateway"
"PAY-514","STU-2023216","95548.27","2023-01-19","Spring","2023","Bank Transfer"
"PAY-515","STU-2023216","94280.35","2024-08-13","Fall","2024","Bank Transfer"
"PAY-516","STU-2023216","118823.5","2024-01-27","Spring","2024","Bank Transfer"
"PAY-517","STU-2023217","103306.78","2023-07-31","Fall","2023","Bank Transfer"
"PAY-518","STU-2023217","94181.89","2023-01-07","Spring","2023","Bank Transfer"
"PAY-519","STU-2023217","108073.72","2024-08-28","Fall","2024","Demand Draft"
"PAY-520","STU-2023217","85068.09","2024-01-23","Spring","2024","Bank Transfer"
"PAY-521","STU-2023218","87482.21","2023-08-12","Fall","2023","Demand Draft"
"PAY-522","STU-2023218","82075.21","2023-01-20","Spring","2023","Bank Transfer"
"PAY-523","STU-2023218","90907.53","2024-08-18","Fall","2024","Demand Draft"
"PAY-524","STU-2023219","121681.31","2023-08-05","Fall","2023","Demand Draft"
"PAY-525","STU-2023219","93625.27","2023-01-10","Spring","2023","Bank Transfer"
"PAY-526","STU-2023219","114204.8","2024-08-13","Fall","2024","Bank Transfer"
"PAY-527","STU-2023219","108743.64","2024-01-17","Spring","2024","Online Gateway"
"PAY-528","STU-2023220","103289.04","2023-08-30","Fall","2023","Bank Transfer"
"PAY-529","STU-2023220","95862.03","2023-01-18","Spring","2023","Demand Draft"
"PAY-530","STU-2023220","83402.19","2024-08-24","Fall","2024","Bank Transfer"
"PAY-531","STU-2023221","85856.68","2023-08-01","Fall","2023","Demand Draft"
"PAY-532","STU-2023221","106889.4","2023-01-09","Spring","2023","Demand Draft"
"PAY-533","STU-2023222","80540.17","2023-08-06","Fall","2023","Online Gateway"
"PAY-534","STU-2023222","115263.41","2023-01-07","Spring","2023","Demand Draft"
"PAY-535","STU-2023223","105228.35","2023-08-11","Fall","2023","Demand Draft"
"PAY-536","STU-2023223","94761.37","2023-01-24","Spring","2023","Bank Transfer"
"PAY-537","STU-2023223","105479.95","2024-08-07","Fall","2024","Bank Transfer"
"PAY-538","STU-2023223","114638.22","2024-01-22","Spring","2024","Online Gateway"
"PAY-539","STU-2023224","92634.78","2023-08-14","Fall","2023","Demand Draft"
"PAY-540","STU-2023224","121563.84","2023-01-02","Spring","2023","Demand Draft"
"PAY-541","STU-2023225","99761.07","2023-08-08","Fall","2023","Demand Draft"
"PAY-542","STU-2023226","99005.77","2023-08-29","Fall","2023","Online Gateway"
"PAY-543","STU-2023226","111778.88","2023-01-28","Spring","2023","Online Gateway"
"PAY-544","STU-2023226","100019.27","2024-08-03","Fall","2024","Online Gateway"
"PAY-545","STU-2023226","106231.49","2024-01-04","Spring","2024","Demand Draft"
"PAY-546","STU-2023227","123138.31","2023-08-08","Fall","2023","Bank Transfer"
"PAY-547","STU-2023227","75412.71","2023-01-13","Spring","2023","Online Gateway"
"PAY-548","STU-2023227","112798.74","2024-08-06","Fall","2024","Bank Transfer"
"PAY-549","STU-2023228","111994.95","2023-08-17","Fall","2023","Demand Draft"
"PAY-550","STU-2023228","124551.88","2023-01-22","Spring","2023","Online Gateway"
"PAY-551","STU-2023228","109615.02","2024-08-21","Fall","2024","Bank Transfer"
"PAY-552","STU-2023229","108668.19","2023-08-17","Fall","2023","Demand Draft"
"PAY-553","STU-2023229","103757.06","2023-01-12","Spring","2023","Online Gateway"
"PAY-554","STU-2023229","107761.9","2024-08-25","Fall","2024","Demand Draft"
"PAY-555","STU-2023230","94294","2023-08-18","Fall","2023","Online Gateway"
"PAY-556","STU-2023230","104877.25","2023-01-29","Spring","2023","Bank Transfer"
"PAY-557","STU-2023230","101708.03","2024-08-17","Fall","2024","Online Gateway"
"PAY-558","STU-2023231","95780.01","2023-08-26","Fall","2023","Demand Draft"
"PAY-559","STU-2023231","117643.26","2023-01-31","Spring","2023","Demand Draft"
"PAY-560","STU-2023231","106654.21","2024-08-15","Fall","2024","Demand Draft"
"PAY-561","STU-2023232","89250.61","2023-08-30","Fall","2023","Demand Draft"
"PAY-562","STU-2023232","91879.38","2023-01-05","Spring","2023","Bank Transfer"
"PAY-563","STU-2023232","79086.27","2024-08-06","Fall","2024","Demand Draft"
"PAY-564","STU-2023232","77793.53","2024-01-21","Spring","2024","Bank Transfer"
"PAY-565","STU-2023233","123121.23","2023-08-25","Fall","2023","Online Gateway"
"PAY-566","STU-2023234","116096.22","2023-08-15","Fall","2023","Demand Draft"
"PAY-567","STU-2023234","80607.37","2023-01-29","Spring","2023","Online Gateway"
"PAY-568","STU-2023235","119340.57","2023-08-15","Fall","2023","Demand Draft"
"PAY-569","STU-2023236","118198.64","2023-08-12","Fall","2023","Online Gateway"
"PAY-570","STU-2023236","79472.62","2023-01-20","Spring","2023","Demand Draft"
"PAY-571","STU-2023236","80021.65","2024-08-31","Fall","2024","Demand Draft"
"PAY-572","STU-2023237","75051.11","2023-08-14","Fall","2023","Bank Transfer"
"PAY-573","STU-2023237","87897.48","2023-01-20","Spring","2023","Bank Transfer"
"PAY-574","STU-2023237","122802.3","2024-08-28","Fall","2024","Demand Draft"
"PAY-575","STU-2023237","117908.43","2024-01-20","Spring","2024","Demand Draft"
"PAY-576","STU-2023238","90218.36","2023-08-31","Fall","2023","Demand Draft"
"PAY-577","STU-2023238","95429.79","2023-01-28","Spring","2023","Online Gateway"
"PAY-578","STU-2023239","81148.5","2023-08-04","Fall","2023","Online Gateway"
"PAY-579","STU-2023240","78472.04","2023-08-11","Fall","2023","Demand Draft"
"PAY-580","STU-2023241","110941.75","2023-08-23","Fall","2023","Online Gateway"
"PAY-581","STU-2023241","121228.52","2023-01-30","Spring","2023","Demand Draft"
"PAY-582","STU-2023242","82294.71","2023-08-23","Fall","2023","Bank Transfer"
"PAY-583","STU-2023242","87786.9","2023-01-15","Spring","2023","Demand Draft"
"PAY-584","STU-2023243","97120.38","2023-08-10","Fall","2023","Online Gateway"
"PAY-585","STU-2023243","117002.82","2023-01-07","Spring","2023","Demand Draft"
"PAY-586","STU-2023243","101366.3","2024-08-24","Fall","2024","Demand Draft"
"PAY-587","STU-2023244","122671.29","2023-08-03","Fall","2023","Demand Draft"
"PAY-588","STU-2023244","112792.02","2023-01-09","Spring","2023","Demand Draft"
"PAY-589","STU-2023245","78156.13","2023-08-02","Fall","2023","Bank Transfer"
"PAY-590","STU-2023245","80081.96","2023-01-11","Spring","2023","Bank Transfer"
"PAY-591","STU-2023245","121185.47","2024-08-13","Fall","2024","Online Gateway"
"PAY-592","STU-2023245","114946.85","2024-01-08","Spring","2024","Bank Transfer"
"PAY-593","STU-2023246","104136.83","2023-08-19","Fall","2023","Online Gateway"
"PAY-594","STU-2023246","99690.48","2023-01-30","Spring","2023","Demand Draft"
"PAY-595","STU-2023246","122581.55","2024-08-24","Fall","2024","Online Gateway"
"PAY-596","STU-2023247","91401.17","2023-08-28","Fall","2023","Bank Transfer"
"PAY-597","STU-2023247","79436.73","2023-01-13","Spring","2023","Bank Transfer"
"PAY-598","STU-2023248","99006.73","2023-08-30","Fall","2023","Bank Transfer"
"PAY-599","STU-2023248","104096","2023-01-16","Spring","2023","Demand Draft"
"PAY-600","STU-2023249","98725.2","2023-08-14","Fall","2023","Demand Draft"
"PAY-601","STU-2023250","110262.5","2023-08-06","Fall","2023","Online Gateway"
"PAY-602","STU-2023250","98302.66","2023-01-20","Spring","2023","Bank Transfer"
"PAY-603","STU-2023251","76076.28","2023-08-30","Fall","2023","Bank Transfer"
"PAY-604","STU-2023251","84350.4","2023-01-02","Spring","2023","Demand Draft"
"PAY-605","STU-2023252","80188.29","2023-08-19","Fall","2023","Online Gateway"
"PAY-606","STU-2023253","97440.3","2023-08-22","Fall","2023","Demand Draft"
"PAY-607","STU-2023253","113286.7","2023-01-27","Spring","2023","Bank Transfer"
"PAY-608","STU-2023254","112222.86","2023-08-03","Fall","2023","Demand Draft"
"PAY-609","STU-2023254","119590.17","2023-01-22","Spring","2023","Online Gateway"
"PAY-610","STU-2023254","106174.73","2024-08-29","Fall","2024","Online Gateway"
"PAY-611","STU-2023254","83136.38","2024-01-20","Spring","2024","Demand Draft"
"PAY-612","STU-2023255","82047.72","2023-08-03","Fall","2023","Online Gateway"
"PAY-613","STU-2023255","111413.38","2023-01-11","Spring","2023","Bank Transfer"
"PAY-614","STU-2023256","75107.9","2023-08-07","Fall","2023","Online Gateway"
"PAY-615","STU-2023257","118619.3","2023-08-21","Fall","2023","Bank Transfer"
"PAY-616","STU-2023257","122406.97","2023-01-26","Spring","2023","Demand Draft"
"PAY-617","STU-2023257","104226.58","2024-08-01","Fall","2024","Online Gateway"
"PAY-618","STU-2023257","102517.87","2024-01-27","Spring","2024","Demand Draft"
"PAY-619","STU-2023258","96131.26","2023-08-14","Fall","2023","Online Gateway"
"PAY-620","STU-2023258","94568.89","2023-01-30","Spring","2023","Online Gateway"
"PAY-621","STU-2023259","114219.18","2023-08-04","Fall","2023","Demand Draft"
"PAY-622","STU-2023259","89489.48","2023-01-08","Spring","2023","Online Gateway"
"PAY-623","STU-2023259","93551.93","2024-08-11","Fall","2024","Bank Transfer"
"PAY-624","STU-2023259","113274.15","2024-01-10","Spring","2024","Bank Transfer"
"PAY-625","STU-2023260","124543.78","2023-08-22","Fall","2023","Online Gateway"
"PAY-626","STU-2023260","104879.73","2023-01-23","Spring","2023","Demand Draft"
"PAY-627","STU-2023260","79524.65","2024-08-14","Fall","2024","Bank Transfer"
"PAY-628","STU-2023261","92046.82","2023-08-10","Fall","2023","Online Gateway"
"PAY-629","STU-2023262","124162.53","2023-08-18","Fall","2023","Demand Draft"
"PAY-630","STU-2023263","78189.41","2023-08-02","Fall","2023","Demand Draft"
"PAY-631","STU-2023264","120554.04","2023-08-23","Fall","2023","Bank Transfer"
"PAY-632","STU-2023264","106648.08","2023-01-08","Spring","2023","Online Gateway"
"PAY-633","STU-2023265","123198.11","2023-08-20","Fall","2023","Online Gateway"
"PAY-634","STU-2023265","95024.8","2023-01-13","Spring","2023","Online Gateway"
"PAY-635","STU-2023265","113490.42","2024-08-31","Fall","2024","Demand Draft"
"PAY-636","STU-2023266","105430.22","2023-08-30","Fall","2023","Demand Draft"
"PAY-637","STU-2023266","113869.94","2023-01-24","Spring","2023","Demand Draft"
"PAY-638","STU-2023267","78633.23","2023-08-06","Fall","2023","Online Gateway"
"PAY-639","STU-2023268","100521.38","2023-08-18","Fall","2023","Demand Draft"
"PAY-640","STU-2023269","122386.88","2023-08-05","Fall","2023","Online Gateway"
"PAY-641","STU-2023270","89518.68","2023-08-19","Fall","2023","Online Gateway"
"PAY-642","STU-2023270","100306.56","2023-01-24","Spring","2023","Online Gateway"
"PAY-643","STU-2023270","108095.51","2024-08-16","Fall","2024","Online Gateway"
"PAY-644","STU-2023271","114819.65","2023-08-10","Fall","2023","Online Gateway"
"PAY-645","STU-2023271","100240.78","2023-01-04","Spring","2023","Bank Transfer"
"PAY-646","STU-2023271","106253.99","2024-08-24","Fall","2024","Bank Transfer"
"PAY-647","STU-2023272","84000.01","2023-08-31","Fall","2023","Bank Transfer"
"PAY-648","STU-2023272","121049.16","2023-01-16","Spring","2023","Bank Transfer"
"PAY-649","STU-2023272","119659.52","2024-08-19","Fall","2024","Bank Transfer"
"PAY-650","STU-2023273","94719.37","2023-08-24","Fall","2023","Online Gateway"
"PAY-651","STU-2023273","99386.6","2023-01-07","Spring","2023","Online Gateway"
"PAY-652","STU-2023273","119647.73","2024-08-24","Fall","2024","Bank Transfer"
"PAY-653","STU-2023273","120077.4","2024-01-16","Spring","2024","Bank Transfer"
"PAY-654","STU-2023274","106267.47","2023-08-12","Fall","2023","Demand Draft"
"PAY-655","STU-2023274","86287.77","2023-01-05","Spring","2023","Bank Transfer"
"PAY-656","STU-2023274","120089.73","2024-08-20","Fall","2024","Bank Transfer"
"PAY-657","STU-2023274","105735.64","2024-01-20","Spring","2024","Bank Transfer"
"PAY-658","STU-2023275","87315.42","2023-08-10","Fall","2023","Demand Draft"
"PAY-659","STU-2023275","100347.51","2023-01-20","Spring","2023","Demand Draft"
"PAY-660","STU-2023276","119276.82","2023-08-16","Fall","2023","Demand Draft"
"PAY-661","STU-2023276","110656.91","2023-01-10","Spring","2023","Online Gateway"
"PAY-662","STU-2023277","90851.5","2023-08-10","Fall","2023","Bank Transfer"
"PAY-663","STU-2023277","120007.89","2023-01-09","Spring","2023","Demand Draft"
"PAY-664","STU-2023277","95957.68","2024-08-17","Fall","2024","Demand Draft"
"PAY-665","STU-2023278","120488.52","2023-08-07","Fall","2023","Online Gateway"
"PAY-666","STU-2023278","88923.5","2023-01-27","Spring","2023","Bank Transfer"
"PAY-667","STU-2023279","108915.07","2023-08-29","Fall","2023","Online Gateway"
"PAY-668","STU-2023279","111933.5","2022-12-31","Spring","2023","Online Gateway"
"PAY-669","STU-2023280","101990.83","2023-08-14","Fall","2023","Demand Draft"
"PAY-670","STU-2023280","113244.44","2023-01-06","Spring","2023","Demand Draft"
"PAY-671","STU-2023280","101199.03","2024-08-13","Fall","2024","Bank Transfer"
"PAY-672","STU-2023280","104359.09","2024-01-27","Spring","2024","Bank Transfer"
"PAY-673","STU-2023281","91712.36","2023-08-20","Fall","2023","Online Gateway"
"PAY-674","STU-2023281","99571.79","2023-01-10","Spring","2023","Demand Draft"
"PAY-675","STU-2023282","81663.74","2023-08-08","Fall","2023","Bank Transfer"
"PAY-676","STU-2023282","120218.33","2023-01-05","Spring","2023","Online Gateway"
"PAY-677","STU-2023282","111657.01","2024-08-14","Fall","2024","Bank Transfer"
"PAY-678","STU-2023282","91264.19","2024-01-27","Spring","2024","Bank Transfer"
"PAY-679","STU-2023283","116467.79","2023-08-20","Fall","2023","Demand Draft"
"PAY-680","STU-2023283","75926.73","2023-01-05","Spring","2023","Demand Draft"
"PAY-681","STU-2023283","87397.78","2024-08-08","Fall","2024","Online Gateway"
"PAY-682","STU-2023283","105343.24","2024-01-18","Spring","2024","Demand Draft"
"PAY-683","STU-2023284","89618.45","2023-08-31","Fall","2023","Demand Draft"
"PAY-684","STU-2023284","79709.44","2023-01-02","Spring","2023","Online Gateway"
"PAY-685","STU-2023284","117034.9","2024-08-24","Fall","2024","Demand Draft"
"PAY-686","STU-2023285","116703.17","2023-08-03","Fall","2023","Demand Draft"
"PAY-687","STU-2023286","111385.39","2023-08-19","Fall","2023","Online Gateway"
"PAY-688","STU-2023286","93129.07","2023-01-31","Spring","2023","Online Gateway"
"PAY-689","STU-2023286","80120.52","2024-08-25","Fall","2024","Demand Draft"
"PAY-690","STU-2023287","87644.42","2023-08-07","Fall","2023","Online Gateway"
"PAY-691","STU-2023287","117094.04","2023-01-03","Spring","2023","Online Gateway"
"PAY-692","STU-2023288","116453.17","2023-08-25","Fall","2023","Demand Draft"
"PAY-693","STU-2023289","83161.88","2023-08-12","Fall","2023","Demand Draft"
"PAY-694","STU-2023289","122290.71","2023-01-29","Spring","2023","Bank Transfer"
"PAY-695","STU-2023290","75094.12","2023-08-04","Fall","2023","Demand Draft"
"PAY-696","STU-2023290","78413.95","2023-01-07","Spring","2023","Online Gateway"
"PAY-697","STU-2023290","109241.33","2024-08-03","Fall","2024","Demand Draft"
"PAY-698","STU-2023291","115049.99","2023-08-03","Fall","2023","Online Gateway"
"PAY-699","STU-2023292","80930.6","2023-08-23","Fall","2023","Online Gateway"
"PAY-700","STU-2023292","86507.54","2023-01-29","Spring","2023","Bank Transfer"
"PAY-701","STU-2023292","81035.47","2024-08-17","Fall","2024","Demand Draft"
"PAY-702","STU-2023293","97740.16","2023-08-25","Fall","2023","Bank Transfer"
"PAY-703","STU-2023293","102214.86","2023-01-29","Spring","2023","Demand Draft"
"PAY-704","STU-2023294","87139.61","2023-08-31","Fall","2023","Online Gateway"
"PAY-705","STU-2023295","93400.59","2023-08-21","Fall","2023","Bank Transfer"
"PAY-706","STU-2023295","95430.83","2023-01-14","Spring","2023","Bank Transfer"
"PAY-707","STU-2023295","107831.59","2024-08-12","Fall","2024","Demand Draft"
"PAY-708","STU-2023296","119574.12","2023-08-31","Fall","2023","Bank Transfer"
"PAY-709","STU-2023296","87193.92","2023-01-22","Spring","2023","Online Gateway"
"PAY-710","STU-2023296","90636.82","2024-08-23","Fall","2024","Demand Draft"
"PAY-711","STU-2023297","76609.15","2023-08-18","Fall","2023","Demand Draft"
"PAY-712","STU-2023297","85437.97","2023-01-08","Spring","2023","Online Gateway"
"PAY-713","STU-2023297","124323.86","2024-08-07","Fall","2024","Online Gateway"
"PAY-714","STU-2023298","95677.16","2023-08-23","Fall","2023","Bank Transfer"
"PAY-715","STU-2023298","110309.23","2023-01-12","Spring","2023","Online Gateway"
"PAY-716","STU-2023298","85741.85","2024-08-11","Fall","2024","Bank Transfer"
"PAY-717","STU-2023298","78665.94","2024-01-31","Spring","2024","Demand Draft"
"PAY-718","STU-2023299","89013.64","2023-08-22","Fall","2023","Online Gateway"
"PAY-719","STU-2023299","78626.72","2023-01-29","Spring","2023","Bank Transfer"
"PAY-720","STU-2023299","118261.82","2024-08-10","Fall","2024","Online Gateway"
"PAY-721","STU-2023300","113965.27","2023-08-27","Fall","2023","Demand Draft"